Time,Voltage,Label
undefined,-0.007725722084388265,triangular
undefined,0.1664517819966159,triangular
undefined,0.3322961339976592,triangular
undefined,0.5215433217394132,triangular
undefined,0.7050806094213976,triangular
undefined,0.9423096101015599,triangular
undefined,0.7026173878407357,triangular
undefined,0.5690980059107806,triangular
undefined,0.3312240120826905,triangular
undefined,0.177172353608516,triangular
undefined,-0.008693940757376867,triangular
undefined,-0.2001743337262767,triangular
undefined,-0.4319852862423552,triangular
undefined,-0.6934274166238783,triangular
undefined,-0.8307705156521278,triangular
undefined,-1.0083676899088718,triangular
undefined,-0.8766954615699794,triangular
undefined,-0.6939667598202462,triangular
undefined,-0.4297595676481184,triangular
undefined,-0.21184644265795588,triangular
undefined,-0.054760251861182496,triangular
undefined,0.1418234106816855,triangular
undefined,0.3832773542937524,triangular
undefined,0.5915156284533789,triangular
undefined,0.7063902042422877,triangular
undefined,0.9213999962820206,triangular
undefined,0.7399036437598568,triangular
undefined,0.5018954197042623,triangular
undefined,0.31183772667727694,triangular
undefined,0.15534048784685248,triangular
undefined,-0.03488853921714899,triangular
undefined,-0.229642705661357,triangular
undefined,-0.45248834588216946,triangular
undefined,-0.6966381219609866,triangular
undefined,-0.8968081537137048,triangular
undefined,-1.0043422108365343,triangular
undefined,-0.8662797133155107,triangular
undefined,-0.6069923722808518,triangular
undefined,-0.49702027142420446,triangular
undefined,-0.2687345656703988,triangular
undefined,-0.03228136324495774,triangular
undefined,0.12727549935327012,triangular
undefined,0.3192762595528841,triangular
undefined,0.5401311286827131,triangular
undefined,0.7409332662440373,triangular
undefined,0.9905805338909589,triangular
undefined,0.7497907035224025,triangular
undefined,0.5612133147252428,triangular
undefined,0.3810214659505218,triangular
undefined,0.15318857263617822,triangular
undefined,-0.06173251687059729,triangular
undefined,-0.25788149228065227,triangular
undefined,-0.43836348541417924,triangular
undefined,-0.6581113265294994,triangular
undefined,-0.8020416492503333,triangular
undefined,-1.099531274251918,triangular
undefined,-0.8112285840922947,triangular
undefined,-0.692320430937434,triangular
undefined,-0.49899671147042046,triangular
undefined,-0.234616629227932,triangular
undefined,-0.07906708044915273,triangular
undefined,0.13249772497333961,triangular
undefined,0.36860693437145553,triangular
undefined,0.5081704128754971,triangular
undefined,0.7170259304750521,triangular
undefined,0.9260258971649299,triangular
undefined,0.7008652260062389,triangular
undefined,0.5200270229869656,triangular
undefined,0.39336761080008964,triangular
undefined,0.19542554803410803,triangular
undefined,-0.03923944827337489,triangular
undefined,-0.2957114291733929,triangular
undefined,-0.49181774232915265,triangular
undefined,-0.665034755713456,triangular
undefined,-0.8318925155716426,triangular
undefined,-1.0486088698568996,triangular
undefined,-0.8984894015809645,triangular
undefined,-0.6696383022740573,triangular
undefined,-0.4194093406119863,triangular
undefined,-0.25661596148735455,triangular
undefined,-0.09445885794972018,triangular
undefined,0.1780349213156767,triangular
undefined,0.30259282362127793,triangular
undefined,0.5393517809851569,triangular
undefined,0.7555580010706371,triangular
undefined,0.9131709431851226,triangular
undefined,0.7096462454290932,triangular
undefined,0.5831096283051113,triangular
undefined,0.3502630865607952,triangular
undefined,0.1220314314603102,triangular
undefined,-0.05814187732140839,triangular
undefined,-0.2737711541158121,triangular
undefined,-0.49061561599178694,triangular
undefined,-0.6302124749161585,triangular
undefined,-0.810769053603976,triangular
undefined,-1.0657741665214544,triangular
undefined,-0.8430111034735785,triangular
undefined,-0.6095130189379651,triangular
undefined,-0.40032779530561513,triangular
undefined,-0.2204650303783836,triangular
undefined,-0.09345316717082493,triangular
undefined,0.17552946927102933,triangular
undefined,0.3092327448646708,triangular
undefined,0.5405947767702405,triangular
undefined,0.7256363176711266,triangular
undefined,0.9071088934548214,triangular
undefined,0.7160765585815878,triangular
undefined,0.5274769722139309,triangular
undefined,0.39996133523920285,triangular
undefined,0.15785751555457292,triangular
undefined,-0.04338034414526226,triangular
undefined,-0.28137692011613663,triangular
undefined,-0.4603750484910669,triangular
undefined,-0.6994268620540419,triangular
undefined,-0.800875227443436,triangular
undefined,-1.0332311947669195,triangular
undefined,-0.8882309998823041,triangular
undefined,-0.6582843557916586,triangular
undefined,-0.45505864583409805,triangular
undefined,-0.2838741399087342,triangular
undefined,-0.004852441985109479,triangular
undefined,0.1451417286552382,triangular
undefined,0.31323503610574,triangular
undefined,0.5197465534196349,triangular
undefined,0.7365972674854709,triangular
undefined,0.9315224319492134,triangular
undefined,0.701758003677631,triangular
undefined,0.5570485207356247,triangular
undefined,0.39460859767746237,triangular
undefined,0.1582031602609816,triangular
undefined,-0.020927433046966912,triangular
undefined,-0.29284108517475926,triangular
undefined,-0.4184520955671146,triangular
undefined,-0.6797232157796662,triangular
undefined,-0.8982544433624094,triangular
undefined,-1.0750500675171923,triangular
undefined,-0.8346338556616073,triangular
undefined,-0.6588306910391564,triangular
undefined,-0.4288788143480662,triangular
undefined,-0.26078397356580374,triangular
undefined,-0.047857316255603057,triangular
undefined,0.16774639247279663,triangular
undefined,0.31672096265758687,triangular
undefined,0.513650353500697,triangular
undefined,0.7939224478000174,triangular
undefined,0.9565576345791561,triangular
undefined,0.733829012053813,triangular
undefined,0.5283686823582392,triangular
undefined,0.39284954013779483,triangular
undefined,0.10305861993594401,triangular
undefined,-0.0327809181790171,triangular
undefined,-0.21922850138388303,triangular
undefined,-0.4939068385728138,triangular
undefined,-0.6087496142473159,triangular
undefined,-0.8843457126023282,triangular
undefined,-1.0607495826694737,triangular
undefined,-0.8812753154182619,triangular
undefined,-0.6502107595614414,triangular
undefined,-0.43256119507166013,triangular
undefined,-0.27949847096248587,triangular
undefined,-0.06662713523544656,triangular
undefined,0.15933648305706985,triangular
undefined,0.3835823785253455,triangular
undefined,0.5852619122879655,triangular
undefined,0.7234801078053259,triangular
undefined,0.9258591370856143,triangular
undefined,0.7402015697563599,triangular
undefined,0.5711658069380342,triangular
undefined,0.3593133482648878,triangular
undefined,0.16359323874137596,triangular
undefined,-0.0359432269396633,triangular
undefined,-0.20796753267461499,triangular
undefined,-0.411464063322576,triangular
undefined,-0.6761376952674762,triangular
undefined,-0.8604706796583026,triangular
undefined,-1.0791221806156006,triangular
undefined,-0.8936954349103775,triangular
undefined,-0.6218821896859065,triangular
undefined,-0.4886952186395651,triangular
undefined,-0.28355825016682884,triangular
undefined,-0.029828220360491292,triangular
undefined,0.1232636408055699,triangular
undefined,0.3136321266547588,triangular
undefined,0.575945459073591,triangular
undefined,0.7990903510314641,triangular
undefined,0.9055280589451357,triangular
undefined,0.7165876818961496,triangular
undefined,0.5023301498876954,triangular
undefined,0.31275918554308635,triangular
undefined,0.12544885149557133,triangular
undefined,-0.04703629137488033,triangular
undefined,-0.2883942978913375,triangular
undefined,-0.48736467685174467,triangular
undefined,-0.6289773281554403,triangular
undefined,-0.8626549507455102,triangular
undefined,-1.0174209568102963,triangular
undefined,-0.8293351266481003,triangular
undefined,-0.6451342711245113,triangular
undefined,-0.470789153020024,triangular
undefined,-0.24324657507322006,triangular
undefined,-0.07717443844871974,triangular
undefined,0.19395347068251131,triangular
undefined,0.38825503788045335,triangular
undefined,0.5540543389992413,triangular
undefined,0.7799919087106972,triangular
undefined,0.9395208494522723,triangular
undefined,0.7594949387780542,triangular
undefined,0.5062047594459277,triangular
undefined,0.3213941291629536,triangular
undefined,0.1593475780814266,triangular
undefined,-0.07254344339540922,triangular
undefined,-0.29702213005076916,triangular
undefined,-0.45048600141486017,triangular
undefined,-0.6020559845546425,triangular
undefined,-0.879964819959442,triangular
undefined,-1.057302562672469,triangular
undefined,-0.8024700205930807,triangular
undefined,-0.6333887905628633,triangular
undefined,-0.44852621774508117,triangular
undefined,-0.27954068048197894,triangular
undefined,-0.02795245573702665,triangular
undefined,0.12282524958707355,triangular
undefined,0.3464917654687688,triangular
undefined,0.5613705255299278,triangular
undefined,0.7557215737519504,triangular
undefined,0.9904640311449123,triangular
undefined,0.7954889251501869,triangular
undefined,0.5145802046503604,triangular
undefined,0.3537694972251978,triangular
undefined,0.14556438738077557,triangular
undefined,-0.04485514833784701,triangular
undefined,-0.27990519055190266,triangular
undefined,-0.4099899727752466,triangular
undefined,-0.6340965927733274,triangular
undefined,-0.8211687263529678,triangular
undefined,-1.018063584681413,triangular
undefined,-0.8774824961243658,triangular
undefined,-0.6485565135330829,triangular
undefined,-0.4539710663369342,triangular
undefined,-0.22642115008859318,triangular
undefined,-0.0558048639134618,triangular
undefined,0.10713308897069315,triangular
undefined,0.33331150068657645,triangular
undefined,0.5256707790632131,triangular
undefined,0.7244668384232329,triangular
undefined,0.9377873673877083,triangular
undefined,0.7911443676469349,triangular
undefined,0.5745013620385194,triangular
undefined,0.35433822707095297,triangular
undefined,0.19017065556020504,triangular
undefined,-0.03260753726006603,triangular
undefined,-0.2534604988615715,triangular
undefined,-0.43107627128137815,triangular
undefined,-0.6792604333600035,triangular
undefined,-0.8356172903573725,triangular
undefined,-1.0176257579050152,triangular
undefined,-0.8774363361322575,triangular
undefined,-0.6458120062198162,triangular
undefined,-0.45544245534506,triangular
undefined,-0.2544153625094304,triangular
undefined,-0.03917702897015805,triangular
undefined,0.1698303862364253,triangular
undefined,0.3304106640006147,triangular
undefined,0.5475258413102987,triangular
undefined,0.7715835990010801,triangular
undefined,0.9441817611428495,triangular
undefined,0.7312915514340644,triangular
undefined,0.5146339299374683,triangular
undefined,0.3485769037719886,triangular
undefined,0.10647470102381443,triangular
undefined,-0.016541913457606985,triangular
undefined,-0.2973980574117221,triangular
undefined,-0.40519478163953027,triangular
undefined,-0.6470641439958581,triangular
undefined,-0.8960777938718837,triangular
undefined,-1.01943053883501,triangular
undefined,-0.8587303319045673,triangular
undefined,-0.6654499054146019,triangular
undefined,-0.4448469074023892,triangular
undefined,-0.2750812778931707,triangular
undefined,-0.0743925577280318,triangular
undefined,0.13049932943265677,triangular
undefined,0.31916199021877123,triangular
undefined,0.5558194273151624,triangular
undefined,0.7741570950596794,triangular
undefined,0.9723182980932908,triangular
undefined,0.7877897130456213,triangular
undefined,0.5065781746656971,triangular
undefined,0.3108618488369541,triangular
undefined,0.11328005990463388,triangular
undefined,-0.03172175190489483,triangular
undefined,-0.2498289339584392,triangular
undefined,-0.47518900552561105,triangular
undefined,-0.6998079449153058,triangular
undefined,-0.8094242829760682,triangular
undefined,-1.0592330150307343,triangular
undefined,-0.8078300071663892,triangular
undefined,-0.6934437087093416,triangular
undefined,-0.43547131577249987,triangular
undefined,-0.26614768638675973,triangular
undefined,-0.01704581790738617,triangular
undefined,0.16825905052462428,triangular
undefined,0.33618545710347836,triangular
undefined,0.5076624260053425,triangular
undefined,0.7384747049425406,triangular
undefined,0.910361521476624,triangular
undefined,0.7253628160844003,triangular
undefined,0.5004681748965596,triangular
undefined,0.3556021667798004,triangular
undefined,0.1446664689686333,triangular
undefined,-0.03689119380418103,triangular
undefined,-0.2151010508413252,triangular
undefined,-0.42717908906310953,triangular
undefined,-0.6951878734201095,triangular
undefined,-0.8504593068603931,triangular
undefined,-1.0414487091329927,triangular
undefined,-0.8189451915810343,triangular
undefined,-0.6070565853479364,triangular
undefined,-0.46723170943793446,triangular
undefined,-0.2561307095801949,triangular
undefined,-0.00965324915508925,triangular
undefined,0.19088680146619483,triangular
undefined,0.398773788811817,triangular
undefined,0.511245644499665,triangular
undefined,0.7310596190203171,triangular
undefined,0.9336985232800098,triangular
undefined,0.7181937243476959,triangular
undefined,0.5498343351887627,triangular
undefined,0.38368607197118587,triangular
undefined,0.18815067149794348,triangular
undefined,-0.0852329245602112,triangular
undefined,-0.2149521575369849,triangular
undefined,-0.431085416110339,triangular
undefined,-0.6692927223021079,triangular
undefined,-0.8455737297592583,triangular
undefined,-1.0085444547277493,triangular
undefined,-0.8363705067166256,triangular
undefined,-0.6427943604665171,triangular
undefined,-0.4048028497428722,triangular
undefined,-0.29654314028456924,triangular
undefined,-0.033048459140786066,triangular
undefined,0.12976667804462225,triangular
undefined,0.3348440735787267,triangular
undefined,0.5820477935969971,triangular
undefined,0.7041595757764163,triangular
undefined,0.918334781670035,triangular
undefined,0.7951722841677261,triangular
undefined,0.5408024991511743,triangular
undefined,0.3680674101022532,triangular
undefined,0.1245463129543519,triangular
undefined,-0.0746311686744739,triangular
undefined,-0.285037906820971,triangular
undefined,-0.4431400541588457,triangular
undefined,-0.6883661071752214,triangular
undefined,-0.888805334971621,triangular
undefined,-1.0402708935767382,triangular
undefined,-0.8838177600324488,triangular
undefined,-0.6379117585966864,triangular
undefined,-0.40895305431682505,triangular
undefined,-0.2499979618980647,triangular
undefined,-0.0481262692311987,triangular
undefined,0.11875322110891251,triangular
undefined,0.38614449986744914,triangular
undefined,0.5092386362674158,triangular
undefined,0.7895846269311578,triangular
undefined,0.9972086434329294,triangular
undefined,0.7835574004981173,triangular
undefined,0.5602751221274462,triangular
undefined,0.32695351888636737,triangular
undefined,0.17135912672960138,triangular
undefined,-0.002712749939455847,triangular
undefined,-0.23463332760348268,triangular
undefined,-0.4187794140680239,triangular
undefined,-0.6292261735732324,triangular
undefined,-0.8852698520074871,triangular
undefined,-1.0057361199615995,triangular
undefined,-0.8364349429326465,triangular
undefined,-0.6455374020838601,triangular
undefined,-0.4380889056022915,triangular
undefined,-0.2699321159922117,triangular
undefined,-0.052461699619312935,triangular
undefined,0.18410297492632968,triangular
undefined,0.3804967448547695,triangular
undefined,0.5098829031025197,triangular
undefined,0.7968946121317978,triangular
undefined,0.9391660275409143,triangular
undefined,0.7520198237800807,triangular
undefined,0.5674863255428749,triangular
undefined,0.36191769500337156,triangular
undefined,0.10784226834399566,triangular
undefined,-0.025602791230448396,triangular
undefined,-0.29995185535073565,triangular
undefined,-0.46897062132992084,triangular
undefined,-0.6796492995969284,triangular
undefined,-0.801717656807903,triangular
undefined,-1.0055760354628265,triangular
undefined,-0.8217738776290047,triangular
undefined,-0.6249286416064608,triangular
undefined,-0.43605796490477156,triangular
undefined,-0.24765560749810794,triangular
undefined,-0.020585656958021198,triangular
undefined,0.13750049086766528,triangular
undefined,0.30067226490723076,triangular
undefined,0.5045869638225619,triangular
undefined,0.7731795035913983,triangular
undefined,0.9031204547305983,triangular
undefined,0.7390465601983717,triangular
undefined,0.592614645190581,triangular
undefined,0.32894979440577,triangular
undefined,0.19790286261879195,triangular
undefined,-0.07072420146739465,triangular
undefined,-0.20704615872134519,triangular
undefined,-0.4927737270723116,triangular
undefined,-0.6918847212888445,triangular
undefined,-0.8290516173888608,triangular
undefined,-1.0550786515884911,triangular
undefined,-0.8245373961311439,triangular
undefined,-0.6690214516304825,triangular
undefined,-0.4163019377670798,triangular
undefined,-0.2606878639354894,triangular
undefined,-0.08106331217030363,triangular
undefined,0.1783677293117826,triangular
undefined,0.3085414400893609,triangular
undefined,0.5371091188740682,triangular
undefined,0.7714927075502831,triangular
undefined,0.9638509546666952,triangular
undefined,0.7863039825343942,triangular
undefined,0.5772803393343476,triangular
undefined,0.33992575998775976,triangular
undefined,0.17319431419073808,triangular
undefined,-0.009819564431223185,triangular
undefined,-0.2581897948540326,triangular
undefined,-0.49186294558442445,triangular
undefined,-0.6920735309093892,triangular
undefined,-0.8123164072213825,triangular
undefined,-1.0486331049676516,triangular
undefined,-0.8390686753678397,triangular
undefined,-0.627897875007772,triangular
undefined,-0.44515819926550504,triangular
undefined,-0.2510644759183338,triangular
undefined,-0.06379964735537172,triangular
undefined,0.16805693580908368,triangular
undefined,0.37263080417028693,triangular
undefined,0.5354173208523402,triangular
undefined,0.7860865741569968,triangular
undefined,0.9975020587123796,triangular
undefined,0.7194802174413042,triangular
undefined,0.5678381967325882,triangular
undefined,0.3567321187494773,triangular
undefined,0.18378319642157584,triangular
undefined,-0.005125275736131529,triangular
undefined,-0.25688719401324833,triangular
undefined,-0.4854279312329176,triangular
undefined,-0.6145541123262827,triangular
undefined,-0.8861131446210441,triangular
undefined,-1.095793521964936,triangular
undefined,-0.8400224603356999,triangular
undefined,-0.6141591276712722,triangular
undefined,-0.4413222094768503,triangular
undefined,-0.2880314311324351,triangular
undefined,-0.015692766044388073,triangular
undefined,0.10332988211711722,triangular
undefined,0.30451531209309424,triangular
undefined,0.5234023597502404,triangular
undefined,0.7596765596715488,triangular
undefined,0.9298994414346261,triangular
undefined,0.7494412859375702,triangular
undefined,0.5763368838217293,triangular
undefined,0.3368408309145826,triangular
undefined,0.17176192004871563,triangular
undefined,-0.0983640798446261,triangular
undefined,-0.2172218993108152,triangular
undefined,-0.441070148301415,triangular
undefined,-0.6343426236359917,triangular
undefined,-0.8857564198435456,triangular
undefined,-1.0127584895486748,triangular
undefined,-0.8130339485822122,triangular
undefined,-0.6865915401066851,triangular
undefined,-0.4865508452698668,triangular
undefined,-0.2786601875623989,triangular
undefined,-0.04423650977864091,triangular
undefined,0.13445013614003481,triangular
undefined,0.35783021761966294,triangular
undefined,0.5838947427924303,triangular
undefined,0.7890244082158767,triangular
undefined,0.9459716111678945,triangular
undefined,0.7076544108713122,triangular
undefined,0.5604053376512725,triangular
undefined,0.30353758932117636,triangular
undefined,0.19639845366652472,triangular
undefined,-0.016138837793738064,triangular
undefined,-0.24887482363104463,triangular
undefined,-0.47073206758883857,triangular
undefined,-0.6906117342404989,triangular
undefined,-0.8014144696986456,triangular
undefined,-1.0210949518908388,triangular
undefined,-0.8715925992859926,triangular
undefined,-0.6502723098710039,triangular
undefined,-0.41632751367151477,triangular
undefined,-0.2315888521086863,triangular
undefined,-0.06551991545877395,triangular
undefined,0.14754574963938136,triangular
undefined,0.33491485680344424,triangular
undefined,0.5780401099062608,triangular
undefined,0.7643939999137271,triangular
undefined,0.924551443652719,triangular
undefined,0.7941311759631274,triangular
undefined,0.5731473487812129,triangular
undefined,0.34881284494437825,triangular
undefined,0.16519357419171019,triangular
undefined,-0.032741052366811116,triangular
undefined,-0.22119586749637135,triangular
undefined,-0.4538128724470556,triangular
undefined,-0.645412824105278,triangular
undefined,-0.8042166705841518,triangular
undefined,-1.0442976005338298,triangular
undefined,-0.8815136154651254,triangular
undefined,-0.6530029076335634,triangular
undefined,-0.4154166512402405,triangular
undefined,-0.2622827797970263,triangular
undefined,-0.031301533065390144,triangular
undefined,0.10315894816420251,triangular
undefined,0.3102936713757103,triangular
undefined,0.5890929098416972,triangular
undefined,0.7177174547255849,triangular
undefined,0.9996033694458358,triangular
undefined,0.7225574125578164,triangular
undefined,0.5499636736079184,triangular
undefined,0.39479635604546515,triangular
undefined,0.10451422365365845,triangular
undefined,-0.02475138634894787,triangular
undefined,-0.21252486609105098,triangular
undefined,-0.40309409017911657,triangular
undefined,-0.6206180700661389,triangular
undefined,-0.8710518780527915,triangular
undefined,-1.012031896406794,triangular
undefined,-0.8238483260452159,triangular
undefined,-0.6398981603743321,triangular
undefined,-0.49427859384824535,triangular
undefined,-0.2122012321030956,triangular
undefined,-0.05361110453242606,triangular
undefined,0.10119848945536816,triangular
undefined,0.36331547311404544,triangular
undefined,0.5905442866868477,triangular
undefined,0.7256642701305813,triangular
undefined,0.9600876480186386,triangular
undefined,0.7399614303455183,triangular
undefined,0.5695850766141168,triangular
undefined,0.34846558163344943,triangular
undefined,0.11591988685240118,triangular
undefined,-0.07956995514150525,triangular
undefined,-0.26801917192893043,triangular
undefined,-0.46273990595061953,triangular
undefined,-0.6010448461428587,triangular
undefined,-0.809240146986587,triangular
undefined,-1.0639958824436166,triangular
undefined,-0.8388639907844124,triangular
undefined,-0.6486728159804794,triangular
undefined,-0.439205235043732,triangular
undefined,-0.20462722867361144,triangular
undefined,-0.018032851893507965,triangular
undefined,0.19275471905734035,triangular
undefined,0.36587088797377587,triangular
undefined,0.5310383801655316,triangular
undefined,0.7962303885050367,triangular
undefined,0.9757216509875034,triangular
undefined,0.7666882230538351,triangular
undefined,0.5922326985509773,triangular
undefined,0.3115244788651259,triangular
undefined,0.18382687750378243,triangular
undefined,-0.0031079738834693255,triangular
undefined,-0.2945376704913377,triangular
undefined,-0.4199355814127086,triangular
undefined,-0.6489957181914711,triangular
undefined,-0.8177891897009284,triangular
undefined,-1.0676299809372913,triangular
undefined,-0.8696117782323206,triangular
undefined,-0.6110222817927018,triangular
undefined,-0.4807856127991853,triangular
undefined,-0.27475702080841613,triangular
undefined,-0.09290928377128321,triangular
undefined,0.17029702520466813,triangular
undefined,0.3335684174782366,triangular
undefined,0.583797147153997,triangular
undefined,0.7774983676644959,triangular
undefined,0.9699488477755095,triangular
undefined,0.7816186981982979,triangular
undefined,0.5456358205154818,triangular
undefined,0.35130201761925584,triangular
undefined,0.15806899532588295,triangular
undefined,-0.060216719557526104,triangular
undefined,-0.2717378649319363,triangular
undefined,-0.4236620195710168,triangular
undefined,-0.6256504630028341,triangular
undefined,-0.8100046204705257,triangular
undefined,-1.0581149435107358,triangular
undefined,-0.8327940925332095,triangular
undefined,-0.6020579190199017,triangular
undefined,-0.45625269146218717,triangular
undefined,-0.2537403954583063,triangular
undefined,-0.039456850130266743,triangular
undefined,0.10675817718077155,triangular
undefined,0.321822580528904,triangular
undefined,0.5802503457236491,triangular
undefined,0.7743811162550963,triangular
undefined,0.9744940853529406,triangular
undefined,0.7922890892536223,triangular
undefined,0.5351908568700261,triangular
undefined,0.3409231289563922,triangular
undefined,0.19254751048245236,triangular
undefined,-0.025905964080040644,triangular
undefined,-0.25513928963021193,triangular
undefined,-0.4490849458994002,triangular
undefined,-0.6884213694771688,triangular
undefined,-0.8394007799767332,triangular
undefined,-1.0924414564913985,triangular
undefined,-0.8113643477400404,triangular
undefined,-0.6356814702466419,triangular
undefined,-0.46580129779107504,triangular
undefined,-0.2672615691602215,triangular
undefined,-0.04316812058710731,triangular
undefined,0.1970749524512749,triangular
undefined,0.34357824355568767,triangular
undefined,0.5697982209566002,triangular
undefined,0.7646684106754894,triangular
undefined,0.9478182843554347,triangular
undefined,0.7027047854403337,triangular
undefined,0.5790348376530282,triangular
undefined,0.3953843977577609,triangular
undefined,0.10658964135901641,triangular
undefined,-0.0015128600963301153,triangular
undefined,-0.20505016893511266,triangular
undefined,-0.4272492086023282,triangular
undefined,-0.6930693346742364,triangular
undefined,-0.8690507883754947,triangular
undefined,-1.0169945740434843,triangular
undefined,-0.8954617671270368,triangular
undefined,-0.688166120570517,triangular
undefined,-0.4965818868444397,triangular
undefined,-0.25842238082626845,triangular
undefined,-0.06463329530195092,triangular
undefined,0.10090118882778651,triangular
undefined,0.3727344499415064,triangular
undefined,0.5094302609727048,triangular
undefined,0.7673703557988056,triangular
undefined,0.9119637926550804,triangular
undefined,0.7729787830272375,triangular
undefined,0.5257870304602241,triangular
undefined,0.33903666265533283,triangular
undefined,0.17444195297982737,triangular
undefined,-0.0963766237612615,triangular
undefined,-0.29494681678584056,triangular
undefined,-0.41315871644885116,triangular
undefined,-0.6764271505689283,triangular
undefined,-0.8344154086929708,triangular
undefined,-1.059783780701134,triangular
undefined,-0.8033639048016532,triangular
undefined,-0.6332912775075131,triangular
undefined,-0.4438742420613375,triangular
undefined,-0.2790213338629233,triangular
undefined,-0.09122209938296429,triangular
undefined,0.1598289695986975,triangular
undefined,0.3058100641498439,triangular
undefined,0.5802133363990568,triangular
undefined,0.7193659775929192,triangular
undefined,0.976882078875852,triangular
undefined,0.7539517104333199,triangular
undefined,0.508305768461806,triangular
undefined,0.3078165476843875,triangular
undefined,0.17380567480296202,triangular
undefined,-0.09968823603124272,triangular
undefined,-0.246844098523252,triangular
undefined,-0.456885255569215,triangular
undefined,-0.6606045542951067,triangular
undefined,-0.8893243066120199,triangular
undefined,-1.0790709580245532,triangular
undefined,-0.8428003580924289,triangular
undefined,-0.6013847308438771,triangular
undefined,-0.4445264115883223,triangular
undefined,-0.22077228163148555,triangular
undefined,-0.041911008190614774,triangular
undefined,0.1265412225195424,triangular
undefined,0.34289887820300113,triangular
undefined,0.5653330270844232,triangular
undefined,0.7832260742605731,triangular
undefined,0.9092030334171132,triangular
undefined,0.709987686344804,triangular
undefined,0.5636537155563399,triangular
undefined,0.37047333787409886,triangular
undefined,0.11693821240947996,triangular
undefined,-0.07123851969012203,triangular
undefined,-0.24756850131028574,triangular
undefined,-0.43425638192177507,triangular
undefined,-0.6782339918521648,triangular
undefined,-0.8103709402249735,triangular
undefined,-1.0503010907236463,triangular
undefined,-0.8859044343996066,triangular
undefined,-0.638648715330107,triangular
undefined,-0.4289518605198144,triangular
undefined,-0.20975376222173614,triangular
undefined,-0.007509544578378449,triangular
undefined,0.11430938464488091,triangular
undefined,0.3034815281889286,triangular
undefined,0.5736438222606951,triangular
undefined,0.7633904228995109,triangular
undefined,0.94690642835704,triangular
undefined,0.7483741120211481,triangular
undefined,0.5272176656142351,triangular
undefined,0.3968572233598793,triangular
undefined,0.12215352705372096,triangular
undefined,-0.021252691427533138,triangular
undefined,-0.2986415511763495,triangular
undefined,-0.449576791563587,triangular
undefined,-0.63455942692659,triangular
undefined,-0.8682713452880643,triangular
undefined,-1.072558192117292,triangular
undefined,-0.8348994649098774,triangular
undefined,-0.672257618236894,triangular
undefined,-0.4814267181731825,triangular
undefined,-0.2555672991455811,triangular
undefined,-0.0771090818258188,triangular
undefined,0.19118163149297138,triangular
undefined,0.3767670403910569,triangular
undefined,0.5873929136585405,triangular
undefined,0.7406949454485822,triangular
undefined,0.9512578273503417,triangular
undefined,0.753847091030327,triangular
undefined,0.5204730420621473,triangular
undefined,0.3414405803962747,triangular
undefined,0.10724547267657183,triangular
undefined,-0.026594379384078187,triangular
undefined,-0.21604982020541802,triangular
undefined,-0.4479851018560663,triangular
undefined,-0.6040114563667381,triangular
undefined,-0.8988519853731485,triangular
undefined,-1.0705021293468238,triangular
undefined,-0.8799839320449131,triangular
undefined,-0.6280954867285355,triangular
undefined,-0.42147692133829284,triangular
undefined,-0.28847562761073064,triangular
undefined,-0.04931662877861301,triangular
undefined,0.14274444511773715,triangular
undefined,0.32716557576068694,triangular
undefined,0.5267377665537646,triangular
undefined,0.7501873076667792,triangular
undefined,0.9867186677626781,triangular
undefined,0.7919772710160765,triangular
undefined,0.5020972633659684,triangular
undefined,0.30633499613608184,triangular
undefined,0.100787914890126,triangular
undefined,-0.04191394417996541,triangular
undefined,-0.2989740421954541,triangular
undefined,-0.48176461790036174,triangular
undefined,-0.6041971820728218,triangular
undefined,-0.8032903531341141,triangular
undefined,-1.0013718844072614,triangular
undefined,-0.884352968452451,triangular
undefined,-0.6387161459509829,triangular
undefined,-0.46832145573784556,triangular
undefined,-0.21596647375928485,triangular
undefined,-0.09220940369247373,triangular
undefined,0.13363211838472336,triangular
undefined,0.33864562090170847,triangular
undefined,0.5483112028422545,triangular
undefined,0.7776784881761326,triangular
undefined,0.9658698092137615,triangular
undefined,0.787862963163736,triangular
undefined,0.5060077104332084,triangular
undefined,0.34236425775996604,triangular
undefined,0.1122975884196423,triangular
undefined,-0.044210410217917495,triangular
undefined,-0.25885756048486047,triangular
undefined,-0.4618690428271187,triangular
undefined,-0.6588494493817804,triangular
undefined,-0.8346274294133851,triangular
undefined,-1.0734250123592606,triangular
undefined,-0.8849804190389511,triangular
undefined,-0.6343133355339007,triangular
undefined,-0.4418355571690631,triangular
undefined,-0.2661201308267802,triangular
undefined,-0.06392686823264668,triangular
undefined,0.13683461345072856,triangular
undefined,0.3641551929614192,triangular
undefined,0.5467273659029166,triangular
undefined,0.7538876098727646,triangular
undefined,0.9125582560101037,triangular
undefined,0.7810803103386005,triangular
undefined,0.5037203895948332,triangular
undefined,0.3873688113752204,triangular
undefined,0.17141316388656838,triangular
undefined,-0.06625517312932544,triangular
undefined,-0.21598421076095803,triangular
undefined,-0.49914786204002626,triangular
undefined,-0.651722077341693,triangular
undefined,-0.8830487570325587,triangular
undefined,-1.0920856205424077,triangular
undefined,-0.8548215711227423,triangular
undefined,-0.6383211973094287,triangular
undefined,-0.4221009116084077,triangular
undefined,-0.2876823989195526,triangular
undefined,-0.08765867019612435,triangular
undefined,0.1392725276110564,triangular
undefined,0.3908739158742953,triangular
undefined,0.5267608497604469,triangular
undefined,0.7204511475036541,triangular
undefined,0.9061479270177096,triangular
undefined,0.7563986023667901,triangular
undefined,0.5282958607981234,triangular
undefined,0.37811587005630365,triangular
undefined,0.10123155772203413,triangular
undefined,-0.0506898912183708,triangular
undefined,-0.20312007045731986,triangular
undefined,-0.4213528357712629,triangular
undefined,-0.6612319550284412,triangular
undefined,-0.8310588824524927,triangular
undefined,-1.0354637686882642,triangular
undefined,-0.8272371687432003,triangular
undefined,-0.6674763763234123,triangular
undefined,-0.4663564116154787,triangular
undefined,-0.28185021676680133,triangular
undefined,-0.07779857811900576,triangular
undefined,0.12620220583348787,triangular
undefined,0.3999748529943321,triangular
undefined,0.5744348765557152,triangular
undefined,0.7069160141441917,triangular
undefined,0.930415998533969,triangular
undefined,0.7377872778774208,triangular
undefined,0.5453128956558736,triangular
undefined,0.3536614729970533,triangular
undefined,0.124783632260459,triangular
undefined,-0.030122661366674547,triangular
undefined,-0.21160839275254176,triangular
undefined,-0.46820514193685725,triangular
undefined,-0.6984079156424646,triangular
undefined,-0.8792083337764304,triangular
undefined,-1.0282064971098113,triangular
undefined,-0.881154886502458,triangular
undefined,-0.6750694069940855,triangular
undefined,-0.4191814571135467,triangular
undefined,-0.2981928234177221,triangular
undefined,-0.0700967129884087,triangular
undefined,0.10647119696922538,triangular
undefined,0.3142262157271598,triangular
undefined,0.5628637025173677,triangular
undefined,0.7532755857754724,triangular
undefined,0.94091970027902,triangular
undefined,0.7797039768035776,triangular
undefined,0.5418361045335971,triangular
undefined,0.36762989806915214,triangular
undefined,0.1262628974864834,triangular
undefined,-0.09272297636012834,triangular
undefined,-0.28450620816139005,triangular
undefined,-0.45691244177179535,triangular
undefined,-0.6534787863958975,triangular
undefined,-0.8901643514416264,triangular
undefined,-1.0058862850601709,triangular
undefined,-0.8213672384358206,triangular
undefined,-0.6266630588978841,triangular
undefined,-0.4868248543103231,triangular
undefined,-0.23392138242830363,triangular
undefined,-0.09779432354416195,triangular
undefined,0.18489904952534467,triangular
undefined,0.3882675676151941,triangular
undefined,0.5967376924599417,triangular
undefined,0.7169426827253002,triangular
undefined,0.926163668837949,triangular
undefined,0.7797602015333199,triangular
undefined,0.5661842245484078,triangular
undefined,0.32817729922889727,triangular
undefined,0.17399905157423542,triangular
undefined,-0.004047000364178377,triangular
undefined,-0.24983315725151647,triangular
undefined,-0.4180456204337015,triangular
undefined,-0.6354383831423198,triangular
undefined,-0.8181596440713462,triangular
undefined,-1.015267519085282,triangular
undefined,-0.8854098180219238,triangular
undefined,-0.6433234164190997,triangular
undefined,-0.4670577660154078,triangular
undefined,-0.2218698853040769,triangular
undefined,-0.018198808410589892,triangular
undefined,0.19571121839973196,triangular
undefined,0.31531078831169534,triangular
undefined,0.5225091090267556,triangular
undefined,0.7267990750361789,triangular
undefined,0.9704282377524988,triangular
undefined,0.7505107217291335,triangular
undefined,0.5042674452025642,triangular
undefined,0.3699384477294517,triangular
undefined,0.14547769788375647,triangular
undefined,-0.08799294372799396,triangular
undefined,-0.22683931487048545,triangular
undefined,-0.49908965045434706,triangular
undefined,-0.6855211542895562,triangular
undefined,-0.8315096195756507,triangular
undefined,-1.0448033091129918,triangular
undefined,-0.8374485193645631,triangular
undefined,-0.628668980488307,triangular
undefined,-0.4105963355676334,triangular
undefined,-0.2107646976500038,triangular
undefined,-0.06490847647734928,triangular
undefined,0.1318554153741151,triangular
undefined,0.36018843139983514,triangular
undefined,0.572712545923133,triangular
undefined,0.7391030462538171,triangular
undefined,0.9636519728599428,triangular
undefined,0.7778603316158103,triangular
undefined,0.5589488619606799,triangular
undefined,0.35105891018463087,triangular
undefined,0.12273054339114356,triangular
undefined,-0.008554466692171164,triangular
undefined,-0.2829239489687364,triangular
undefined,-0.4315748163258537,triangular
undefined,-0.6057331507184152,triangular
undefined,-0.8048640646992483,triangular
undefined,-1.0500452936981362,triangular
undefined,-0.866448726060813,triangular
undefined,-0.6581723659730908,triangular
undefined,-0.44226648000844626,triangular
undefined,-0.28903590567472026,triangular
undefined,-0.09588888262608389,triangular
undefined,0.1707582430774919,triangular
undefined,0.3995258480973085,triangular
undefined,0.5052076849493031,triangular
undefined,0.7000624650955044,triangular
undefined,0.9785843225343168,triangular
undefined,0.7165147887196907,triangular
undefined,0.558973162880816,triangular
undefined,0.3523674276979689,triangular
undefined,0.16402362226831393,triangular
undefined,-0.08043287880757291,triangular
undefined,-0.20501719252956152,triangular
undefined,-0.4415568193106505,triangular
undefined,-0.642415428636248,triangular
undefined,-0.8741915432318661,triangular
undefined,-1.035611147168669,triangular
undefined,-0.842067856223254,triangular
undefined,-0.6829736220160049,triangular
undefined,-0.4184028096853243,triangular
undefined,-0.22069724572542676,triangular
undefined,-0.0016663804483030564,triangular
undefined,0.18926825319649662,triangular
undefined,0.3028637897416153,triangular
undefined,0.5102648612850821,triangular
undefined,0.7781978468054856,triangular
undefined,0.9942154662380062,triangular
undefined,0.734011273740736,triangular
undefined,0.5795110038328717,triangular
undefined,0.3876835404382363,triangular
undefined,0.16497860614540547,triangular
undefined,-0.05989278403343488,triangular
undefined,-0.20030102432692676,triangular
undefined,-0.4149089306470426,triangular
undefined,-0.6858995436242311,triangular
undefined,-0.835916475502107,triangular
undefined,-1.0893795904647718,triangular
undefined,-0.8898321432419203,triangular
undefined,-0.698813784017855,triangular
undefined,-0.44891232718844554,triangular
undefined,-0.2950061970838731,triangular
undefined,-0.0921465086702763,triangular
undefined,0.18201310379201538,triangular
undefined,0.30070266444886296,triangular
undefined,0.5979227920336931,triangular
undefined,0.7730309755352254,triangular
undefined,0.952298018602516,triangular
undefined,0.7552726828681152,triangular
undefined,0.5329696817779451,triangular
undefined,0.31530849925036075,triangular
undefined,0.15354118320525248,triangular
undefined,-0.06981881990151904,triangular
undefined,-0.22591169504555383,triangular
undefined,-0.42817670967361054,triangular
undefined,-0.6255653654704167,triangular
undefined,-0.8190016058258871,triangular
undefined,-1.0986275858088765,triangular
undefined,-0.8933751003733219,triangular
undefined,-0.6752993682257262,triangular
undefined,-0.4208241832677322,triangular
undefined,-0.21880105462242802,triangular
undefined,-0.09966711971426011,triangular
undefined,0.10763417317371013,triangular
undefined,0.34990433960053025,triangular
undefined,0.5191441340970152,triangular
undefined,0.7365908870209749,triangular
undefined,0.9644172404087884,triangular
undefined,0.7261052576619396,triangular
undefined,0.5751750844673159,triangular
undefined,0.3638090864754321,triangular
undefined,0.1882256926474741,triangular
undefined,-0.042342617311736344,triangular
undefined,-0.27901438139516677,triangular
undefined,-0.40879730808771264,triangular
undefined,-0.6065426802489026,triangular
undefined,-0.8715705834801918,triangular
undefined,-1.007851275225092,triangular
undefined,-0.8461427668575822,triangular
undefined,-0.6221319836828142,triangular
undefined,-0.4167601632155714,triangular
undefined,-0.2708179074813579,triangular
undefined,-0.017548331024911185,triangular
undefined,0.1923604662454316,triangular
undefined,0.3031234767576285,triangular
undefined,0.5108208529763099,triangular
undefined,0.7741374925489966,triangular
undefined,0.9733528389450822,triangular
undefined,0.713611437606195,triangular
undefined,0.5158262573913761,triangular
undefined,0.3200583365284614,triangular
undefined,0.1395983993319633,triangular
undefined,-0.07257550879399469,triangular
undefined,-0.22454582591256164,triangular
undefined,-0.47823925387787847,triangular
undefined,-0.6015817516747878,triangular
undefined,-0.8051141828913294,triangular
undefined,-1.0863397577827862,triangular
undefined,-0.8700476811853175,triangular
undefined,-0.6312042371237041,triangular
undefined,-0.41919448108607094,triangular
undefined,-0.24194526500047558,triangular
undefined,-0.010687688045093319,triangular
undefined,0.19714021126587047,triangular
undefined,0.33505356636353645,triangular
undefined,0.5577152156652493,triangular
undefined,0.7506958162275096,triangular
undefined,0.9020854483995245,triangular
undefined,0.7811324273779524,triangular
undefined,0.5937908676915787,triangular
undefined,0.37409946332204747,triangular
undefined,0.11184838209290782,triangular
undefined,-0.044131455715263335,triangular
undefined,-0.24547291869455848,triangular
undefined,-0.489361093953426,triangular
undefined,-0.6328057022447847,triangular
undefined,-0.8860382964593339,triangular
undefined,-1.0843671720596852,triangular
undefined,-0.8695759740492126,triangular
undefined,-0.6078628831438697,triangular
undefined,-0.47049012269265866,triangular
undefined,-0.2100221243681919,triangular
undefined,-0.04105921707815172,triangular
undefined,0.16428556238069367,triangular
undefined,0.3210486892413825,triangular
undefined,0.5178293912126639,triangular
undefined,0.7516495300690332,triangular
undefined,0.9749395261644754,triangular
undefined,0.7665596791319995,triangular
undefined,0.5881173724379699,triangular
undefined,0.3787950934039611,triangular
undefined,0.1864725823273918,triangular
undefined,-0.016518500383305018,triangular
undefined,-0.2218544989405412,triangular
undefined,-0.4694734653635063,triangular
undefined,-0.6321586707830226,triangular
undefined,-0.8620505987347749,triangular
undefined,-1.022230779583858,triangular
undefined,-0.8813960368948255,triangular
undefined,-0.651897876543154,triangular
undefined,-0.4485002536639455,triangular
undefined,-0.22842875347503364,triangular
undefined,-0.018219567569483355,triangular
undefined,0.18937821996773516,triangular
undefined,0.396777925003839,triangular
undefined,0.5533136678607868,triangular
undefined,0.7891562772693196,triangular
undefined,0.9476957570002237,triangular
undefined,0.7104658784776018,triangular
undefined,0.5657574150954451,triangular
undefined,0.3281423566204674,triangular
undefined,0.12510418445335245,triangular
undefined,-0.010209358596837276,triangular
undefined,-0.25556853021705617,triangular
undefined,-0.44354635454232216,triangular
undefined,-0.6215276937073271,triangular
undefined,-0.864696955586595,triangular
undefined,-1.0240240774589424,triangular
undefined,-0.8797458687900817,triangular
undefined,-0.6424266292355293,triangular
undefined,-0.4281082380241106,triangular
undefined,-0.24879662205960174,triangular
undefined,-0.07948152946314613,triangular
undefined,0.12231981226672284,triangular
undefined,0.3317726258752641,triangular
undefined,0.5836176331329606,triangular
undefined,0.770652940288498,triangular
undefined,0.9410041933019883,triangular
undefined,0.799334789925291,triangular
undefined,0.5581504584480542,triangular
undefined,0.3038217829237876,triangular
undefined,0.1759369417767974,triangular
undefined,-0.004229638049808582,triangular
undefined,-0.2613223036618397,triangular
undefined,-0.4830973775397489,triangular
undefined,-0.63017542387691,triangular
undefined,-0.8500581634061856,triangular
undefined,-1.0973465705370506,triangular
undefined,-0.8974356591927835,triangular
undefined,-0.6360361976596723,triangular
undefined,-0.4155537308654872,triangular
undefined,-0.2440043693042619,triangular
undefined,-0.005277375641890278,triangular
undefined,0.13439576798881148,triangular
undefined,0.346924445885878,triangular
undefined,0.5556481919412856,triangular
undefined,0.7167526109476883,triangular
undefined,0.9795162848707605,triangular
undefined,0.77796403351145,triangular
undefined,0.5269631181435417,triangular
undefined,0.3578135977761242,triangular
undefined,0.16987185943168356,triangular
undefined,-0.0025588169847102077,triangular
undefined,-0.23283281473581643,triangular
undefined,-0.476337082028937,triangular
undefined,-0.6728461286571604,triangular
undefined,-0.8983827532641463,triangular
undefined,-1.066034077511749,triangular
undefined,-0.8544945222007475,triangular
undefined,-0.6887313932956729,triangular
undefined,-0.4629523132721093,triangular
undefined,-0.2713174814643218,triangular
undefined,-0.011097395970468299,triangular
undefined,0.13883386596886196,triangular
undefined,0.30473820627024817,triangular
undefined,0.5870846235026578,triangular
undefined,0.7828275802908449,triangular
undefined,0.9564911079810378,triangular
undefined,0.7086929479073004,triangular
undefined,0.5793777382894159,triangular
undefined,0.3413865888735981,triangular
undefined,0.1507568375773036,triangular
undefined,-0.07837090644239485,triangular
undefined,-0.2084580258950526,triangular
undefined,-0.43721507202188437,triangular
undefined,-0.628834986835816,triangular
undefined,-0.8604913538466267,triangular
undefined,-1.0181619046931984,triangular
undefined,-0.823589438608737,triangular
undefined,-0.6123926407490645,triangular
undefined,-0.4847531316417597,triangular
undefined,-0.20653707794587234,triangular
undefined,-0.027680773222208063,triangular
undefined,0.12827055595116005,triangular
undefined,0.32730192787015444,triangular
undefined,0.5796708676176597,triangular
undefined,0.7534257534348862,triangular
undefined,0.9497107533945807,triangular
undefined,0.7029763524403791,triangular
undefined,0.5349768633472544,triangular
undefined,0.353878496213356,triangular
undefined,0.16589364376120327,triangular
undefined,-0.09695628701760942,triangular
undefined,-0.2925138862658857,triangular
undefined,-0.4037953628853881,triangular
undefined,-0.6875989797121033,triangular
undefined,-0.8313472119059566,triangular
undefined,-1.014134664289326,triangular
undefined,-0.8741177056764375,triangular
undefined,-0.6285577513528176,triangular
undefined,-0.49312418823895365,triangular
undefined,-0.2445309023607036,triangular
undefined,-0.0774873417693158,triangular
undefined,0.11444829196521863,triangular
undefined,0.39153361278848553,triangular
undefined,0.5727853471872126,triangular
undefined,0.706174151589515,triangular
undefined,0.9144316979412345,triangular
undefined,0.7120394135791829,triangular
undefined,0.5459967531210906,triangular
undefined,0.34098856467687133,triangular
undefined,0.1150729207190026,triangular
undefined,-0.02113355958755478,triangular
undefined,-0.2566566406971762,triangular
undefined,-0.4658436186438464,triangular
undefined,-0.6084067126737395,triangular
undefined,-0.8880921526139027,triangular
undefined,-1.0476697034219729,triangular
undefined,-0.818817849998857,triangular
undefined,-0.6630637874516988,triangular
undefined,-0.4975244809388518,triangular
undefined,-0.2874821010592338,triangular
undefined,-0.03964931088783961,triangular
undefined,0.1551888730020861,triangular
undefined,0.3411907850892173,triangular
undefined,0.5885115984210423,triangular
undefined,0.747934793742702,triangular
undefined,0.9871241602656379,triangular
undefined,0.7142239392658581,triangular
undefined,0.5350449637901361,triangular
undefined,0.3182714143346158,triangular
undefined,0.13270076684565477,triangular
undefined,-0.06557137792351415,triangular
undefined,-0.2676257807085003,triangular
undefined,-0.4414680764508029,triangular
undefined,-0.6211345546497913,triangular
undefined,-0.8343196993654006,triangular
undefined,-1.0360459117926746,triangular
undefined,-0.8430173801961842,triangular
undefined,-0.6010509990578792,triangular
undefined,-0.45205402271477924,triangular
undefined,-0.25384787387051727,triangular
undefined,-0.045410364533643714,triangular
undefined,0.17523759887611293,triangular
undefined,0.39772245516345206,triangular
undefined,0.5045864247276378,triangular
undefined,0.7843035954181385,triangular
undefined,0.9904099611155982,triangular
undefined,0.7623312912509385,triangular
undefined,0.5290579342517212,triangular
undefined,0.36615303143201305,triangular
undefined,0.19422773206597901,triangular
undefined,-0.00020089179346940989,triangular
undefined,-0.2312540455619662,triangular
undefined,-0.40645847618774034,triangular
undefined,-0.6605176192896163,triangular
undefined,-0.8594010838522524,triangular
undefined,-1.0974537847342247,triangular
undefined,-0.8369979649716023,triangular
undefined,-0.655290128769216,triangular
undefined,-0.47051178700052343,triangular
undefined,-0.25458188889073385,triangular
undefined,-0.08683032847193789,triangular
undefined,0.19980254967474279,triangular
undefined,0.36349411589404623,triangular
undefined,0.5988608077579244,triangular
undefined,0.7600463005790221,triangular
undefined,0.9538926235090027,triangular
undefined,0.7918298003883942,triangular
undefined,0.5487332954136418,triangular
undefined,0.3674188879906424,triangular
undefined,0.14019088403834665,triangular
undefined,-0.041205878697007314,triangular
undefined,-0.20876649497413421,triangular
undefined,-0.48180693007918773,triangular
undefined,-0.6099732145009804,triangular
undefined,-0.8003875825602821,triangular
undefined,-1.0650075882259273,triangular
undefined,-0.8638607027908979,triangular
undefined,-0.6588261315380771,triangular
undefined,-0.42101966143470615,triangular
undefined,-0.25904367214260415,triangular
undefined,-0.06327086701364701,triangular
undefined,0.13682756911027005,triangular
undefined,0.39085526358527645,triangular
undefined,0.5186095905233176,triangular
undefined,0.7351519658597053,triangular
undefined,0.9653324343784674,triangular
undefined,0.7259296624388378,triangular
undefined,0.5537093213001004,triangular
undefined,0.33731350398638527,triangular
undefined,0.12588968969575354,triangular
undefined,-0.09601958878579098,triangular
undefined,-0.27659532485457383,triangular
undefined,-0.4992097234415126,triangular
undefined,-0.6413067974298444,triangular
undefined,-0.8458468184390889,triangular
undefined,-1.014578631226803,triangular
undefined,-0.8451511042006401,triangular
undefined,-0.6650570266093552,triangular
undefined,-0.43536691142196327,triangular
undefined,-0.2980439070146219,triangular
undefined,-0.061937680792928634,triangular
undefined,0.18014652325607947,triangular
undefined,0.357933666933236,triangular
undefined,0.5071127568997884,triangular
undefined,0.7917168548654968,triangular
undefined,0.9270356743493312,triangular
undefined,0.7558572665327985,triangular
undefined,0.514289581000604,triangular
undefined,0.3385761592848332,triangular
undefined,0.11004054992847959,triangular
undefined,-0.021004573194853784,triangular
undefined,-0.21807738532261156,triangular
undefined,-0.48572568599915844,triangular
undefined,-0.6332464411940076,triangular
undefined,-0.8257473992154665,triangular
undefined,-1.063852231116418,triangular
undefined,-0.8013659701622747,triangular
undefined,-0.6051338634070139,triangular
undefined,-0.48683123365374703,triangular
undefined,-0.25297801890161997,triangular
undefined,-0.009248427230968331,triangular
undefined,0.11480902088157896,triangular
undefined,0.3023668860878753,triangular
undefined,0.5926227069917595,triangular
undefined,0.7747761765728557,triangular
undefined,0.9839147867929218,triangular
undefined,0.7941376638249394,triangular
undefined,0.5797132124302798,triangular
undefined,0.39916318362599446,triangular
undefined,0.1268672520783614,triangular
undefined,-0.04985726805123081,triangular
undefined,-0.26393807414938064,triangular
undefined,-0.43746007103083306,triangular
undefined,-0.6950218803733784,triangular
undefined,-0.8451153144174106,triangular
undefined,-1.0137186603216062,triangular
undefined,-0.8440971628069884,triangular
undefined,-0.6033403677601558,triangular
undefined,-0.45414795814729403,triangular
undefined,-0.2619224800071196,triangular
undefined,-0.017521419783723985,triangular
undefined,0.11101610280678786,triangular
undefined,0.3658067870598375,triangular
undefined,0.5833360597992346,triangular
undefined,0.7593303789739536,triangular
undefined,0.9426549576001998,triangular
undefined,0.7689727102524246,triangular
undefined,0.5420421923514415,triangular
undefined,0.345081027240833,triangular
undefined,0.13214269031316558,triangular
undefined,-0.023386801546374847,triangular
undefined,-0.2701836842001575,triangular
undefined,-0.46602256453799495,triangular
undefined,-0.6075700883664374,triangular
undefined,-0.8522463589742557,triangular
undefined,-1.0628618265639942,triangular
undefined,-0.8052702207263029,triangular
undefined,-0.6315502403921995,triangular
undefined,-0.4613104671843907,triangular
undefined,-0.2797205805845675,triangular
undefined,-0.07808362948806476,triangular
undefined,0.18860542667782573,triangular
undefined,0.32894644219575286,triangular
undefined,0.5414035171824376,triangular
undefined,0.7574382268328587,triangular
undefined,0.9395760014486328,triangular
undefined,0.7219936228399095,triangular
undefined,0.5815145796951253,triangular
undefined,0.3350154363205058,triangular
undefined,0.18729353353666942,triangular
undefined,-0.028876433485125794,triangular
undefined,-0.29263723512661277,triangular
undefined,-0.477269665944661,triangular
undefined,-0.6464477702047063,triangular
undefined,-0.8097159108134068,triangular
undefined,-1.0278825421508453,triangular
undefined,-0.8045647064255385,triangular
undefined,-0.6051860720629947,triangular
undefined,-0.4170839337932618,triangular
undefined,-0.2737250214523833,triangular
undefined,-0.08996849587736795,triangular
undefined,0.16169697973450345,triangular
undefined,0.34780172100305984,triangular
undefined,0.5657675899542232,triangular
undefined,0.7893456365323673,triangular
undefined,0.9298422456021868,triangular
undefined,0.7407602876664907,triangular
undefined,0.5455414571179094,triangular
undefined,0.33943973147397255,triangular
undefined,0.19539649357711084,triangular
undefined,-0.08188185996228817,triangular
undefined,-0.291542889925718,triangular
undefined,-0.49649176359002023,triangular
undefined,-0.6857601735201018,triangular
undefined,-0.8928900093428045,triangular
undefined,-1.0459125550373702,triangular
undefined,-0.8558778416031055,triangular
undefined,-0.6084436289544678,triangular
undefined,-0.4862492594104768,triangular
undefined,-0.24741744623507012,triangular
undefined,-0.07827964340268811,triangular
undefined,0.1332463609102714,triangular
undefined,0.3803773365569628,triangular
undefined,0.5741455095369394,triangular
undefined,0.7879367419072855,triangular
undefined,0.995442231400195,triangular
undefined,0.7479612879244185,triangular
undefined,0.5498087756830597,triangular
undefined,0.357688016766487,triangular
undefined,0.12647500857285587,triangular
undefined,-0.0759683617424672,triangular
undefined,-0.29374024354513006,triangular
undefined,-0.4357676918655051,triangular
undefined,-0.6742810969359899,triangular
undefined,-0.8817882443241825,triangular
undefined,-1.0980083177649358,triangular
undefined,-0.8622889483790223,triangular
undefined,-0.6201975266518948,triangular
undefined,-0.4143120829195167,triangular
undefined,-0.23837891171391568,triangular
undefined,-0.07004535150247533,triangular
undefined,0.18719960517129744,triangular
undefined,0.3439237700727491,triangular
undefined,0.5004227600232999,triangular
undefined,0.723842195255195,triangular
undefined,0.9213776235769467,triangular
undefined,0.7510252778034388,triangular
undefined,0.5624614020697375,triangular
undefined,0.3947077147214253,triangular
undefined,0.1801139310238257,triangular
undefined,-0.08859973986215082,triangular
undefined,-0.265806692480659,triangular
undefined,-0.44871797813394565,triangular
undefined,-0.6987727183898698,triangular
undefined,-0.8683671138905615,triangular
undefined,-1.0324577212700412,triangular
undefined,-0.8362928703881817,triangular
undefined,-0.6600141952915187,triangular
undefined,-0.4632248210052017,triangular
undefined,-0.2624247748272181,triangular
undefined,-0.06192199739447138,triangular
undefined,0.12636243413280157,triangular
undefined,0.3407229782907084,triangular
undefined,0.5038385384194353,triangular
undefined,0.787171789944886,triangular
undefined,0.910763833553419,triangular
undefined,0.7184013476472509,triangular
undefined,0.5166440024067134,triangular
undefined,0.30055264257424097,triangular
undefined,0.10522806824053185,triangular
undefined,-0.06932273793494437,triangular
undefined,-0.22381481524185193,triangular
undefined,-0.4663423316710896,triangular
undefined,-0.6300561887125016,triangular
undefined,-0.8392739833182938,triangular
undefined,-1.0483601370691478,triangular
undefined,-0.8224472778937719,triangular
undefined,-0.6521315190849326,triangular
undefined,-0.4420212726837349,triangular
undefined,-0.2371300780172724,triangular
undefined,-0.020749521325500314,triangular
undefined,0.1093551932778776,triangular
undefined,0.38568365603192767,triangular
undefined,0.5788605096417947,triangular
undefined,0.7496752313135214,triangular
undefined,0.912677724228054,triangular
undefined,0.7253077164101404,triangular
undefined,0.5543893446914685,triangular
undefined,0.32087044709355483,triangular
undefined,0.11172960551157757,triangular
undefined,-0.06849096437177356,triangular
undefined,-0.26886990065118704,triangular
undefined,-0.4320843732558515,triangular
undefined,-0.694153858134251,triangular
undefined,-0.8377675862758929,triangular
undefined,-1.013621386302314,triangular
undefined,-0.863841746799774,triangular
undefined,-0.6895997809627786,triangular
undefined,-0.45990646925388623,triangular
undefined,-0.2529514191530866,triangular
undefined,-0.010593056948610638,triangular
undefined,0.152961791820193,triangular
undefined,0.3426911241489954,triangular
undefined,0.5534409807093192,triangular
undefined,0.7255610423590738,triangular
undefined,0.9336503699199111,triangular
undefined,0.7028452761474098,triangular
undefined,0.5685271739029737,triangular
undefined,0.3341448902756028,triangular
undefined,0.14119691333931353,triangular
undefined,-0.04805181348296286,triangular
undefined,-0.28646110523813284,triangular
undefined,-0.4803865363644211,triangular
undefined,-0.6951420174472267,triangular
undefined,-0.853172119998783,triangular
undefined,-1.0879665923651631,triangular
undefined,-0.8174715193725501,triangular
undefined,-0.6660735415610618,triangular
undefined,-0.4399300323637598,triangular
undefined,-0.25678066454240644,triangular
undefined,-0.04101101903359399,triangular
undefined,0.13100537913734825,triangular
undefined,0.39491468866635215,triangular
undefined,0.5838222791997519,triangular
undefined,0.7452327173037516,triangular
undefined,0.9393832296852601,triangular
undefined,0.7116567002344542,triangular
undefined,0.5935918851760466,triangular
undefined,0.36990630928102197,triangular
undefined,0.12726141329171184,triangular
undefined,-0.08692858413401816,triangular
undefined,-0.26968507575088946,triangular
undefined,-0.47457957053593713,triangular
undefined,-0.6756097889052873,triangular
undefined,-0.8336885948371942,triangular
undefined,-1.0256566505005202,triangular
undefined,-0.8402304463754058,triangular
undefined,-0.6098269968517529,triangular
undefined,-0.4844230133940789,triangular
undefined,-0.2106600147899669,triangular
undefined,-0.02365415095558203,triangular
undefined,0.18927713349926698,triangular
undefined,0.31891160121156237,triangular
undefined,0.5389710511609378,triangular
undefined,0.7528314451022663,triangular
undefined,0.983826234302842,triangular
undefined,0.7597542260480742,triangular
undefined,0.5387231371019634,triangular
undefined,0.3910706767341585,triangular
undefined,0.17519917835129042,triangular
undefined,-0.08806003075037493,triangular
undefined,-0.220081638427587,triangular
undefined,-0.4817942859320328,triangular
undefined,-0.6337319458063143,triangular
undefined,-0.8969685494439864,triangular
undefined,-1.0305634007019377,triangular
undefined,-0.804157551967311,triangular
undefined,-0.605060366188645,triangular
undefined,-0.45497084310800906,triangular
undefined,-0.24667456109026878,triangular
undefined,-0.08769896157451239,triangular
undefined,0.16078711805830662,triangular
undefined,0.38869275338625486,triangular
undefined,0.5540371411839399,triangular
undefined,0.7365065479734543,triangular
undefined,0.9211342439629259,triangular
undefined,0.7927123966732653,triangular
undefined,0.5576695833790027,triangular
undefined,0.34084746941897637,triangular
undefined,0.19063342899138966,triangular
undefined,-0.056124306434245,triangular
undefined,-0.21550241410592402,triangular
undefined,-0.42113863966079224,triangular
undefined,-0.6620125241322755,triangular
undefined,-0.8579822926177679,triangular
undefined,-1.0894963614503412,triangular
undefined,-0.8412167083908998,triangular
undefined,-0.6241847120906829,triangular
undefined,-0.4852939195086673,triangular
undefined,-0.22031531127621684,triangular
undefined,-0.08791816305767615,triangular
undefined,0.1358180708548882,triangular
undefined,0.3496165064325697,triangular
undefined,0.5930325960096466,triangular
undefined,0.76002777854579,triangular
undefined,0.9237463747746463,triangular
undefined,0.7683525090852017,triangular
undefined,0.549390076671717,triangular
undefined,0.3980320950267686,triangular
undefined,0.15681609017552336,triangular
undefined,-0.05007073174145032,triangular
undefined,-0.26893662117729156,triangular
undefined,-0.48178759669905535,triangular
undefined,-0.6596036192758594,triangular
undefined,-0.8619621854005612,triangular
undefined,-1.014719249477561,triangular
undefined,-0.8858638689384365,triangular
undefined,-0.6877739086197172,triangular
undefined,-0.454454287146534,triangular
undefined,-0.2142520107169229,triangular
undefined,-0.01594008839849126,triangular
undefined,0.17538239715089274,triangular
undefined,0.32142477189572516,triangular
undefined,0.5116829862721525,triangular
undefined,0.7484020628431063,triangular
undefined,0.9974339201780834,triangular
undefined,0.7956567819416676,triangular
undefined,0.512874307366026,triangular
undefined,0.33645142956000984,triangular
undefined,0.1620119915994219,triangular
undefined,-0.09898518617104693,triangular
undefined,-0.2180728280038607,triangular
undefined,-0.43847571245249917,triangular
undefined,-0.665401505461839,triangular
undefined,-0.8845932497465037,triangular
undefined,-1.0663573126417802,triangular
undefined,-0.8744925238139712,triangular
undefined,-0.6340941339810746,triangular
undefined,-0.4807440418401149,triangular
undefined,-0.20267059352016148,triangular
undefined,-0.09599345018434964,triangular
undefined,0.1369537792142234,triangular
undefined,0.3390498187008041,triangular
undefined,0.5208588961535029,triangular
undefined,0.7439328688616095,triangular
undefined,0.9990517582981705,triangular
undefined,0.7756676351798047,triangular
undefined,0.5315317204511141,triangular
undefined,0.3657251503923856,triangular
undefined,0.1848027125874899,triangular
undefined,-0.030561402411935015,triangular
undefined,-0.2529623619890072,triangular
undefined,-0.4967212348336699,triangular
undefined,-0.6356254478562997,triangular
undefined,-0.8958327454511511,triangular
undefined,-1.0488701203597697,triangular
undefined,-0.8330039603724922,triangular
undefined,-0.6485369841174301,triangular
undefined,-0.42892553071459505,triangular
undefined,-0.29717350967946343,triangular
undefined,-0.08726419721110074,triangular
undefined,0.1330420786138166,triangular
undefined,0.3325532812326517,triangular
undefined,0.522517135664541,triangular
undefined,0.7488804828291108,triangular
undefined,0.9541633463549845,triangular
undefined,0.7965705395067546,triangular
undefined,0.5717294429517421,triangular
undefined,0.3776518049796187,triangular
undefined,0.19656979471308086,triangular
undefined,-0.06927363279570023,triangular
undefined,-0.27829276853922846,triangular
undefined,-0.4675944188698511,triangular
undefined,-0.6326958324215579,triangular
undefined,-0.890491880811389,triangular
undefined,-1.044268412810811,triangular
undefined,-0.8989301612472546,triangular
undefined,-0.6022006814226185,triangular
undefined,-0.4689938102148651,triangular
undefined,-0.26125197605919254,triangular
undefined,-0.05841842563180626,triangular
undefined,0.16671766804327745,triangular
undefined,0.3931614778355593,triangular
undefined,0.5521429152138718,triangular
undefined,0.7037724302460165,triangular
undefined,0.9146307308982246,triangular
undefined,0.7784898268149204,triangular
undefined,0.5073583244951251,triangular
undefined,0.38446515807925163,triangular
undefined,0.19352120335798814,triangular
undefined,-0.0648263641933852,triangular
undefined,-0.20746219933423377,triangular
undefined,-0.4545428066192768,triangular
undefined,-0.6161951624699307,triangular
undefined,-0.8420953128996954,triangular
undefined,-1.0792234961164708,triangular
undefined,-0.8632799506627569,triangular
undefined,-0.6823639360217849,triangular
undefined,-0.499050266235202,triangular
undefined,-0.2914267870260645,triangular
undefined,-0.06524648296656155,triangular
undefined,0.13658459264019612,triangular
undefined,0.3587396094139661,triangular
undefined,0.5302308741294776,triangular
undefined,0.7447042901671476,triangular
undefined,0.9049137497089822,triangular
undefined,0.7069971374723697,triangular
undefined,0.5726097541211903,triangular
undefined,0.3274119964866721,triangular
undefined,0.1053652518635686,triangular
undefined,-0.09523938560179908,triangular
undefined,-0.23355157768660154,triangular
undefined,-0.47547467234606955,triangular
undefined,-0.6330569476097903,triangular
undefined,-0.8348102545617827,triangular
undefined,-1.0507800405963654,triangular
undefined,-0.898009242211444,triangular
undefined,-0.6898217156021678,triangular
undefined,-0.4701072415539894,triangular